Vertices,Edges,Edge probability,2^boolwidth,est min,est avg,est max
60,501,0.568502,2176,0.368347,2.101426,3.878788
60,564,0.632458,1068,0.430556,1.350529,3.511111
60,229,0.248765,85030,1.926190,4.852763,9.316667
60,511,0.552313,1971,0.492157,1.957669,3.719298
60,583,0.652102,861,0.419935,1.556950,3.300000
60,233,0.251305,80777,1.991667,5.392948,10.683333
60,518,0.597454,1828,0.338095,1.569527,3.750000
60,655,0.736275,367,0.170455,1.327977,2.538462
60,623,0.700126,560,0.383824,1.516244,3.245455
60,436,0.455793,4879,1.000000,2.754075,5.408333
60,188,0.201555,251292,3.402778,5.752184,8.583333
60,397,0.455968,9135,0.833766,3.009538,4.993590
60,638,0.689743,464,0.143541,1.070520,2.517157
60,284,0.300803,40387,2.250000,4.222174,7.319048
60,476,0.519802,2929,0.483333,2.047052,3.673611
60,610,0.649223,640,0.344444,1.314518,2.876812
60,357,0.403861,12811,0.957576,2.995775,4.904762
60,511,0.560031,1941,0.170455,1.854202,4.541667
60,266,0.302583,55169,2.111111,4.435677,7.616667
60,568,0.600806,998,0.383824,1.551456,3.158824
60,511,0.557820,2038,0.208333,1.902793,4.058824
60,693,0.794471,251,0.186335,0.963556,1.875000
60,546,0.608301,1231,0.398413,1.838379,3.633333
60,668,0.759308,321,0.288462,1.169434,2.373333
60,298,0.337396,32207,1.274242,3.810036,5.750000
60,663,0.730542,333,0.150000,1.306701,2.472222
60,195,0.233533,146585,1.809524,6.131984,10.833333
60,293,0.324568,34262,1.433333,3.695152,7.361111
60,519,0.578237,1714,0.373611,1.953507,4.295455
60,624,0.684997,529,0.288462,1.343561,2.716667
60,168,0.202270,258117,3.866667,7.000728,11.116667
60,410,0.482090,7117,0.838889,2.758183,4.687500
60,373,0.414362,11894,1.076923,2.651336,4.533333
60,558,0.607133,1185,0.383824,1.688850,3.552632
60,693,0.766353,233,0.150000,0.953327,2.373333
60,510,0.578734,1987,0.407576,1.803498,3.222222
60,713,0.789512,187,0.170455,0.966137,2.243478
60,576,0.660977,903,0.150000,1.362069,3.214286
60,204,0.244811,101449,3.726190,6.310901,10.083333
60,689,0.770433,244,0.186335,1.158689,2.291667
60,477,0.560157,2826,0.850000,2.340769,4.205357
60,303,0.341021,32061,1.059524,3.971954,5.808333
60,699,0.774139,230,0.138889,1.093345,2.373333
60,496,0.528025,2236,0.419935,2.081242,3.585965
60,374,0.422635,10944,1.128968,2.846349,5.219298
60,641,0.704730,453,0.497619,1.444035,3.245455
60,592,0.654644,752,0.407576,1.643715,3.293478
60,255,0.261238,68374,2.283333,4.138267,7.311111
60,675,0.769365,302,0.138889,1.098111,2.373333
60,531,0.613446,1528,0.663743,1.867407,3.666667
60,578,0.659823,884,0.500000,1.548967,2.716667
60,547,0.613711,1245,0.398413,1.682606,3.135965
60,370,0.420322,12348,1.200000,3.127110,5.027778
60,435,0.500439,5189,0.578788,2.437878,5.209524
60,213,0.226307,122414,2.000000,5.233915,8.061111
60,438,0.493408,4532,0.917832,2.575936,4.952020
60,719,0.785861,185,0.170455,0.993490,2.291667
60,282,0.330802,41215,1.967857,3.825639,6.291667
60,236,0.261276,95725,1.866667,4.708070,8.825000
60,205,0.233072,94570,2.394444,5.372293,8.433333
60,359,0.395755,12825,1.241667,3.036504,5.600000
60,433,0.482469,5066,0.876190,2.487455,3.850000
60,369,0.392295,11702,1.130952,2.961618,6.709524
60,560,0.624395,1093,0.170455,1.482956,3.192857
60,437,0.476713,5002,1.375000,2.428053,3.673611
60,605,0.661103,663,0.407576,1.793826,3.511111
60,418,0.441392,6228,0.921429,2.665260,5.521368
60,496,0.537349,2329,0.334524,1.753846,3.868590
60,720,0.776907,172,0.186335,1.207682,2.373333
60,257,0.263695,62615,2.090909,4.648078,7.361111
60,460,0.530753,3483,0.683333,2.212472,4.525000
60,566,0.622642,1036,0.526190,1.738679,3.505556
60,305,0.320957,26136,2.392857,4.681643,7.124242
60,222,0.226642,123255,2.783333,4.638797,7.761111
60,291,0.321778,35198,2.303114,4.558491,7.059524
60,190,0.200536,135014,3.634524,6.197606,8.861111
60,549,0.632550,1230,0.690476,1.962465,3.698413
60,269,0.333706,53434,2.042857,4.693818,8.759524
60,209,0.252301,145235,2.511111,5.250238,8.920635
60,224,0.263304,153759,2.809524,5.623746,8.926190
60,360,0.384351,13251,0.891667,3.276724,5.562500
60,549,0.617680,1238,0.186335,1.304850,2.747619
60,241,0.268623,63144,2.392857,4.982264,8.967857
60,337,0.361350,18053,1.077778,3.133238,5.283333
60,384,0.426023,10155,1.193590,2.693554,5.877778
60,413,0.466692,7422,0.729762,2.645992,4.701681
60,216,0.249599,125842,4.000000,5.559226,7.861111
60,556,0.604561,1138,0.445489,1.727311,3.214286
60,464,0.501195,3654,0.844780,1.849457,3.158824
60,662,0.742017,387,0.186335,1.233394,3.214286
60,450,0.489345,4108,0.334524,2.450415,4.891667
60,248,0.290727,73720,2.375000,4.584858,7.285714
60,423,0.492875,5557,0.619780,2.116805,4.195489
60,375,0.428898,10906,1.017157,2.684155,4.538690
60,565,0.643225,1061,0.419935,1.623998,3.041667
60,346,0.371880,16197,1.669780,3.011351,5.101190
60,284,0.334308,42252,2.083333,4.262267,6.333333
60,587,0.675274,830,0.368347,1.292891,2.695489
60,227,0.248610,97241,2.611111,5.477463,7.816667
60,244,0.287190,58666,2.303114,4.949833,6.942857
60,534,0.588459,1480,0.398413,1.558158,3.177632
60,301,0.325462,30505,2.116667,4.088907,6.492857
60,640,0.707485,449,0.240000,1.154059,2.451681
60,186,0.227571,165324,4.644444,7.308083,11.616667
60,467,0.534272,3302,1.387500,2.610423,4.507576
60,401,0.426750,7909,0.895833,2.646875,6.516667
60,385,0.462324,8344,0.602020,2.499125,4.875000
60,224,0.252423,114389,3.035714,4.852420,7.566667
60,514,0.601585,1864,0.760256,2.006519,3.555556
60,420,0.476488,5887,0.762500,2.595955,4.414286
60,342,0.409730,18348,0.990909,2.818044,4.753968
60,394,0.452970,7248,0.765873,2.657050,4.571429
60,322,0.369009,24930,2.003968,3.515502,5.909524
60,691,0.785677,247,0.240000,1.377556,3.375000
60,507,0.578176,2028,0.338095,2.149714,4.195489
60,493,0.549405,2349,0.368347,2.014207,3.426923
60,243,0.280314,65210,1.577381,4.382540,8.035714
60,243,0.262201,66606,2.701190,5.530279,7.986111
60,670,0.746777,316,0.170455,1.193314,2.243478
60,480,0.520609,2636,0.876923,2.378584,4.219298
60,484,0.544819,2851,0.383824,2.234594,4.414286
60,323,0.362733,22659,1.609524,3.670173,6.555556
60,543,0.601339,1340,0.419935,1.680244,3.214286
60,457,0.495446,3653,0.676190,2.202662,4.404762
60,700,0.765993,228,0.186335,1.207743,3.293478
60,262,0.327025,46480,2.125000,4.496299,8.090909
60,569,0.612040,1003,0.412500,1.701252,3.719298
60,681,0.783701,290,0.158730,1.215256,2.243478
60,231,0.289938,104762,2.316667,5.120918,9.090909
60,443,0.491646,4739,0.876190,2.830691,5.529762
60,602,0.673921,712,0.398413,1.418433,3.166667
60,718,0.792460,185,0.208333,0.920619,2.538462
60,617,0.681625,549,0.208333,1.463335,3.293478
60,612,0.682429,631,0.158730,1.425719,3.535014
60,596,0.676948,702,0.158730,1.243729,3.192857
60,588,0.660292,812,0.158730,1.493192,3.375000
60,662,0.721737,373,0.158730,0.945232,3.037037
60,371,0.405741,10699,1.235354,2.914571,5.682540
60,313,0.366755,29049,2.249242,4.167552,6.069444
60,668,0.746833,340,0.150000,1.163083,3.037037
60,621,0.670661,550,0.143541,1.449922,2.876812
60,525,0.598381,1630,0.430556,1.785371,3.633333
60,276,0.320251,45891,1.574242,3.650576,5.861111
60,393,0.439425,9066,0.905357,2.822597,5.444444
60,256,0.268642,68328,2.211111,4.228837,6.450000
60,606,0.654265,667,0.186335,1.476151,4.247619
60,532,0.592119,1489,0.412500,1.634792,3.683824
60,424,0.481216,5946,1.266667,2.988930,5.691667
60,402,0.432324,7739,0.775000,2.839869,5.416667
60,288,0.323257,43443,2.083333,4.152071,6.241667
60,682,0.788812,268,0.419935,1.242942,3.041667
60,703,0.786655,217,0.186335,1.148716,2.291667
60,421,0.467869,5295,0.602020,2.492883,4.671429
60,412,0.473342,7329,1.161111,2.581721,4.535354
60,328,0.395996,21317,0.765873,3.277685,5.007576
60,452,0.490598,3838,0.412500,1.855829,4.369048
60,585,0.649535,877,0.500000,1.720611,3.504762
60,548,0.622053,1285,0.368347,1.768919,4.195489
60,294,0.323473,34230,2.055556,3.936350,6.450000
60,696,0.776258,238,0.170455,1.009543,2.291667
60,364,0.410078,13736,0.729167,3.193628,6.743590
60,715,0.776399,189,0.186335,0.792347,2.243478
60,201,0.238446,145698,2.042857,5.632063,8.658333
60,560,0.644994,1123,0.419298,1.951062,4.216667
60,684,0.755554,254,0.186335,0.972748,2.291667
60,430,0.472735,5173,0.765873,2.650661,4.433333
60,651,0.733588,381,0.208333,1.266839,2.291667
60,219,0.227488,98909,2.677778,5.440386,8.450000
60,227,0.252024,122497,3.128571,5.393639,7.433333
60,534,0.578899,1457,0.492157,1.801711,4.180556
60,663,0.720700,325,0.170455,1.183676,2.876812
60,251,0.291096,77478,3.009524,4.582161,6.741667
60,411,0.435428,7241,0.833333,2.576632,5.027778
60,541,0.610571,1391,0.143541,1.685150,3.088889
60,602,0.653826,682,0.419298,1.613045,3.245455
60,237,0.272210,80224,3.559524,5.696708,8.176190
60,727,0.768311,165,0.170455,1.064613,3.037037
60,552,0.622244,1275,0.398413,1.673091,3.455357
60,255,0.267562,63290,2.174242,4.742820,6.826190
60,592,0.655231,766,0.373611,1.340538,2.795455
60,252,0.308320,70333,2.222222,5.132227,6.934524
60,319,0.360305,23025,1.033333,3.524480,5.961111
60,593,0.666820,784,0.170455,1.301355,2.538462
60,396,0.431267,9753,1.044444,3.018267,4.933333
60,432,0.463340,5399,0.854167,2.710729,5.419780
60,466,0.511666,3339,0.925490,2.479980,4.800000
60,225,0.223717,127961,2.677778,5.609062,8.433333
60,602,0.699969,734,0.150000,1.537766,3.380952
60,353,0.386847,14333,0.729167,2.470643,4.290909
60,497,0.545987,2379,0.368347,2.215689,4.558824
60,550,0.625279,1188,0.373611,1.788265,3.201681
60,203,0.226912,109284,2.170635,5.278745,8.819048
60,281,0.314541,38543,1.161111,3.727704,5.924242
60,395,0.432973,8365,1.469298,2.896928,5.776190
60,678,0.772534,309,0.150000,1.147856,2.373333
60,494,0.536723,2574,0.430556,2.232978,4.169935
60,415,0.459485,6794,0.716667,2.474861,5.382576
60,189,0.218339,214070,2.659524,5.629630,9.601190
60,228,0.257133,118376,2.434524,4.948771,7.801190
60,286,0.308668,37880,1.915909,3.941700,6.942857
60,517,0.567989,1810,0.366667,1.689343,3.010256
60,597,0.662979,789,0.150000,1.434441,2.876812
60,591,0.635961,796,0.398413,1.287379,2.680556
60,214,0.246692,113644,2.333333,5.635476,10.416667
60,630,0.692160,515,0.158730,1.473252,3.683824
60,259,0.289466,60308,2.442857,4.321415,7.050000
60,447,0.487326,4152,0.882540,2.313600,4.138889
60,568,0.619932,1052,0.373611,1.880368,3.585965
60,501,0.557490,2197,0.466667,2.169797,4.752632
60,570,0.638470,995,0.419298,1.256688,2.552632
60,412,0.464104,6665,0.592857,2.562693,4.900000
60,648,0.712475,414,0.170455,1.551173,3.245455
60,262,0.295109,62551,1.274242,4.511221,7.238095
60,293,0.314779,37510,1.109524,3.995722,5.825000
60,636,0.659834,478,0.170455,1.194510,3.666667
60,433,0.482693,5121,0.333333,2.337635,4.666667
60,602,0.668235,689,0.208333,1.096887,2.155556
60,642,0.698541,440,0.150000,1.368388,2.716667
60,351,0.373089,15223,1.771368,3.566878,5.976190
60,542,0.612719,1265,0.419298,1.671822,2.845833
60,575,0.651105,936,0.150000,1.522351,3.293478
60,537,0.611968,1419,0.430556,1.846111,3.520833
60,702,0.793513,220,0.170455,1.130586,2.538462
60,206,0.227691,117524,3.144444,5.501786,7.767857
60,267,0.316120,47988,1.924242,4.957217,9.408333
60,671,0.765162,324,0.208333,1.163963,3.192857
60,216,0.239793,138139,3.450000,5.582436,7.958333
60,635,0.682131,475,0.240000,1.343759,2.243478
60,226,0.251138,95499,2.551190,5.150927,9.333333
60,381,0.456860,9760,0.808824,2.538788,4.042857
60,675,0.755363,300,0.158730,0.963109,2.212121
60,491,0.547372,2493,0.874242,2.109862,3.633333
60,354,0.363821,13414,1.932540,3.472471,5.650000
60,527,0.576797,1648,0.510965,1.700662,2.747619
60,645,0.712040,423,0.138889,1.454262,3.214286
60,638,0.689207,463,0.158730,1.284016,3.245455
60,640,0.733653,455,0.186335,1.255986,2.695489
60,568,0.646024,1050,0.445489,1.410425,2.695489
60,333,0.384807,20222,1.102778,3.287588,4.808824
60,615,0.698969,608,0.240000,1.248679,2.747619
60,481,0.544707,2875,0.368347,2.121945,3.944444
60,237,0.239943,66898,2.019444,4.956534,8.176190
60,550,0.642861,1235,0.373611,1.552252,3.698413
60,468,0.534009,3249,0.313034,1.952743,4.667832
60,274,0.273429,56850,1.128968,4.772513,7.944444
60,213,0.265940,106103,2.743590,4.957882,7.908333
60,512,0.552577,1932,0.526190,1.750952,3.750000
60,390,0.435071,8923,0.664286,2.800522,4.483333
60,580,0.615714,888,0.419298,1.439702,2.747619
60,546,0.613408,1350,0.398413,1.940292,4.462500
60,546,0.607406,1325,0.150000,1.764489,3.245455
60,203,0.218350,140627,3.259524,5.742842,9.144444
60,468,0.516203,3344,0.419935,2.297763,4.687500
60,431,0.458607,5074,1.343590,2.716543,6.201681
60,426,0.487802,4720,1.154762,2.569228,4.677778
60,432,0.489004,5276,0.937500,2.323230,4.433333
60,288,0.310243,37304,1.537302,3.841783,6.035354
60,701,0.790194,226,0.170455,1.127279,3.037037
60,636,0.711103,471,0.158730,1.232354,3.192857
60,715,0.790719,191,0.158730,0.918865,2.373333
60,539,0.605122,1353,0.170455,1.530416,3.868590
60,462,0.523410,3279,0.838889,2.132663,3.698413
60,579,0.656888,854,0.362338,1.500870,4.169935
60,702,0.792387,231,0.143541,1.006370,2.538462
60,461,0.512188,3446,0.412500,2.012396,3.362637
60,267,0.291814,68207,1.917857,3.917501,6.583333
60,233,0.247657,86081,2.319444,5.864548,8.111111
60,642,0.718295,412,0.150000,1.168756,4.295455
60,554,0.595128,1117,0.545455,1.728415,3.158824
60,589,0.645095,820,0.150000,1.518321,3.375000
60,219,0.227783,94960,3.933333,5.982132,9.509524
60,522,0.552188,1734,0.388889,1.722714,3.300000
60,390,0.422198,8972,0.714286,2.820113,5.408333
60,495,0.539893,2319,0.483333,2.127253,4.677778
60,280,0.315489,42351,1.653968,3.758853,6.333333
60,251,0.288387,64441,2.483333,4.527194,7.233333
60,642,0.701356,461,0.150000,1.254133,3.293478
60,446,0.487709,4059,0.792157,2.435691,4.645833
60,452,0.503236,4100,0.655556,2.469754,4.290909
60,241,0.264640,70115,1.201190,4.315403,6.301190
60,573,0.637245,954,0.419935,1.593486,2.946429
60,275,0.319895,40123,2.225000,4.295295,7.575000
60,406,0.451199,7192,0.757576,2.596311,4.875000
60,346,0.391660,16668,0.760256,3.117161,5.526923
60,340,0.377659,19222,0.602020,3.612877,6.041667
60,379,0.444327,9770,0.775000,3.044359,5.542857
60,609,0.656618,638,0.158730,1.435018,3.455357
60,425,0.493351,5724,0.625000,2.330641,4.174242
60,543,0.614614,1351,0.388889,1.928636,4.169935
60,455,0.501821,3793,0.547619,2.126080,4.588889
60,260,0.288651,59821,2.395833,4.525817,7.527778
60,705,0.789463,204,0.186335,1.012805,2.538462
60,691,0.771328,256,0.158730,1.056714,2.373333
60,426,0.482429,5815,0.354167,2.281207,4.979167
60,408,0.453917,6738,0.610256,2.421099,5.521368
60,724,0.788956,165,0.186335,0.899062,2.373333
60,688,0.741391,253,0.186335,1.067277,2.538462
60,378,0.432721,10032,0.681818,2.666482,5.035256
60,557,0.602281,1122,0.526190,1.918056,4.459524
60,625,0.717639,537,0.370370,1.363573,2.716667
60,373,0.450122,11310,0.729762,2.854143,4.958333
60,603,0.674756,692,0.143541,1.295358,2.472222
60,726,0.795502,173,0.158730,0.866065,2.212121
60,454,0.477649,3788,0.760256,1.950326,3.441667
60,707,0.780552,207,0.158730,0.839838,1.875000
60,335,0.365863,17480,1.330891,3.155612,6.233333
60,580,0.643207,870,0.360256,1.287070,2.680556
60,560,0.629124,1076,0.412500,1.472315,2.747619
60,251,0.247696,85646,2.811111,5.054407,8.587302
60,421,0.455507,6096,1.274242,2.810226,4.904762
60,224,0.261238,101246,2.702020,5.642154,8.825000
60,721,0.795949,170,0.170455,0.854601,1.875000
60,350,0.414747,14734,1.438034,3.492470,6.610256
60,398,0.441403,8596,0.891667,2.888578,5.016667
60,208,0.226750,162175,3.035714,5.311045,7.426190
60,355,0.427707,14459,1.401923,3.367104,5.860256
60,203,0.223509,152950,3.061111,6.832285,9.416667
60,324,0.391693,22467,1.517857,3.421580,5.676923
60,352,0.392549,14626,0.927778,3.435812,6.400433
60,744,0.799033,128,0.186335,0.922851,2.373333
60,518,0.558870,1790,0.373611,2.019086,3.673611
60,621,0.683401,560,0.497619,1.259261,2.212121
60,684,0.779943,270,0.143541,0.882017,2.212121
60,449,0.495278,3987,0.683333,2.310231,4.191667
60,605,0.683327,760,0.170455,1.246469,2.795455
60,223,0.209524,110015,2.500000,5.707267,8.061111
60,705,0.795034,228,0.186335,1.149058,2.538462
60,560,0.619989,1036,0.430556,1.588741,3.192857
60,604,0.662508,656,0.526190,1.445266,4.162500
60,601,0.628027,624,0.240000,1.396878,3.441667
60,293,0.307643,39904,1.836111,3.646753,6.035354
60,527,0.564914,1555,0.354167,1.532920,4.180556
60,685,0.756395,263,0.186335,1.108250,2.243478
60,683,0.765645,304,0.158730,1.060244,2.291667
60,634,0.695215,468,0.288462,1.342497,3.245455
60,548,0.607322,1297,0.407576,1.636077,3.505556
60,490,0.573362,2542,0.334499,2.121819,4.558824
60,320,0.347799,24443,1.941667,3.270025,5.066667
60,692,0.785820,249,0.170455,1.013100,2.291667
60,619,0.642151,556,0.186335,1.371975,3.245455
60,686,0.775385,257,0.186335,0.925907,2.373333
60,355,0.403085,12772,1.183333,2.928135,5.933766
60,293,0.335017,38812,0.852381,3.490878,6.453968
60,565,0.618070,1009,0.510965,1.740539,4.138889
60,642,0.682743,400,0.158730,1.094809,3.375000
60,514,0.586694,1931,0.412500,1.632054,4.558824
60,380,0.440625,10536,0.760256,2.975941,4.952020
60,477,0.526773,2831,0.526190,1.999842,3.520833
60,417,0.455206,6505,1.295455,2.857834,6.415909
60,266,0.281749,52072,1.750000,3.775616,6.144444
60,491,0.537578,2349,0.663743,1.981993,3.505556
60,267,0.293864,58894,2.026190,4.464765,6.850000
60,197,0.224223,188991,2.659524,5.479603,8.991667
60,398,0.470986,7654,1.690909,2.852188,4.799242
60,460,0.521838,3330,0.709524,2.104046,4.138889
60,583,0.637477,841,0.186335,1.437069,2.876812
60,569,0.616771,1017,0.430556,1.835928,3.192857
60,365,0.423303,12992,1.031746,3.216562,6.266667
60,665,0.727972,350,0.158730,1.101653,2.212121
60,631,0.697273,484,0.497619,1.544508,5.250000
60,322,0.346542,20545,2.225000,3.558366,6.535256
60,383,0.410643,9835,0.765873,2.560631,5.367857
60,459,0.529271,3204,0.805556,2.076837,4.062500
60,338,0.391746,15049,1.138095,3.271782,5.326190
60,691,0.751820,241,0.150000,0.911734,2.695489
60,686,0.760298,272,0.170455,1.293213,2.538462
60,564,0.642452,1025,0.150000,1.430862,2.795455
60,598,0.635794,712,0.500000,1.591313,3.293478
60,651,0.731871,402,0.158730,1.342977,3.293478
60,502,0.556132,2211,0.419298,2.300144,4.525000
60,348,0.400741,15773,0.712500,3.188646,5.027778
60,670,0.743277,351,0.150000,1.030681,3.245455
60,427,0.474891,5708,0.683333,2.388157,4.479167
60,552,0.629368,1207,0.466667,1.820057,4.752632
60,284,0.309795,38541,1.517857,3.834145,6.492857
60,332,0.350811,23404,2.142857,3.680856,6.391667
60,257,0.280506,59346,2.222222,4.911696,6.983333
60,305,0.325476,29554,1.766667,3.737139,5.817100
60,654,0.720192,374,0.186335,1.224484,2.630952
60,205,0.229318,148264,2.444444,5.000393,7.250000
60,418,0.458521,6079,0.825000,2.326185,5.451923
60,421,0.498358,6048,0.645833,2.555003,4.783333
60,228,0.238351,97982,2.083333,5.319074,10.283333
60,709,0.798882,194,0.208333,1.009226,2.538462
60,473,0.533108,3252,0.430556,2.240142,3.719298
60,453,0.466410,3932,0.450000,2.156011,3.938095
60,488,0.554563,2806,0.348214,1.933908,4.062500
60,372,0.430233,11383,1.200000,2.454660,4.809524
60,354,0.397790,14945,1.390909,3.310500,4.958333
60,233,0.267214,78439,2.561111,4.808701,7.619048
60,254,0.292383,73356,1.750000,4.705031,7.540909
60,612,0.702685,621,0.430556,1.561134,3.555556
60,398,0.451574,8087,0.681818,2.545042,4.012500
60,258,0.268470,63661,2.365079,4.650848,6.458333
60,447,0.478004,4270,0.844780,2.248192,4.012500
60,242,0.293671,77095,2.976190,5.169431,8.209524
60,637,0.700288,452,0.170455,1.227137,2.291667
60,597,0.632485,662,0.510965,1.821321,4.247619
60,637,0.691295,463,0.138889,1.239613,2.716667
60,258,0.298981,62581,2.217857,4.375507,6.983766
60,665,0.729623,339,0.186335,1.060015,2.291667
60,606,0.689867,672,0.368347,1.480635,3.368590
60,440,0.492019,4681,1.136447,2.467256,4.462500
60,299,0.325653,28906,2.166667,3.895295,5.883333
60,308,0.347607,29885,0.625000,3.497616,5.785714
60,308,0.355282,28425,1.176190,3.590171,6.916667
60,293,0.315352,32321,1.642857,3.852377,6.492857
60,424,0.460921,5914,1.469298,2.952794,4.394444
60,501,0.554208,2154,0.526190,1.874792,3.698413
60,263,0.313989,58515,1.537302,4.374740,7.087302
60,654,0.700143,359,0.170455,1.233863,3.375000
60,547,0.600945,1280,0.492157,1.651972,2.795455
60,316,0.324439,26006,1.896429,3.502003,5.777778
60,354,0.422532,11223,1.219780,2.982618,5.592157
60,238,0.251456,81649,2.170635,5.015375,7.616667
60,394,0.422060,9403,0.927778,2.784547,4.868687
60,431,0.488839,5332,0.664286,2.344556,4.507576
60,555,0.600372,1188,0.500000,1.615097,3.214286
60,668,0.745741,318,0.466667,1.301228,3.214286
60,625,0.695038,517,0.158730,1.419965,4.216667
60,510,0.561392,2076,0.419935,2.075587,4.588889
60,375,0.441374,10859,0.625000,3.156796,5.910256
60,226,0.262615,91335,1.977778,4.836045,7.700000
60,444,0.479403,4611,0.675000,2.238054,4.191667
60,631,0.699906,509,0.150000,1.321513,3.375000
60,427,0.444983,5811,0.701923,2.457181,4.433766
60,701,0.771521,236,0.143541,0.842604,2.373333
60,705,0.790100,219,0.208333,1.242165,3.037037
60,618,0.687604,571,0.158730,1.512507,4.169935
60,305,0.356547,33747,1.688095,3.713934,6.402778
60,552,0.614654,1241,0.388889,1.585834,3.245455
60,532,0.602840,1505,0.445489,2.139088,3.719298
60,638,0.697108,472,0.143541,1.440909,2.378788
60,385,0.414668,8764,0.640909,2.774051,4.868687
60,199,0.209358,120890,2.250000,6.545701,10.458333
60,316,0.357231,26010,1.742857,3.895278,5.604762
60,563,0.639253,1058,0.398413,1.678975,3.214286
60,307,0.330598,32675,2.040909,3.510588,5.267857
60,216,0.243796,104951,3.061111,5.561682,8.325000
60,359,0.428306,14987,1.110256,3.008676,5.209524
60,234,0.309070,95958,2.040909,4.867979,8.176190
60,524,0.570590,1703,0.545455,1.800523,3.455357
60,419,0.459024,6258,0.874242,2.672151,5.035256
60,506,0.567364,2059,0.500000,1.874629,3.015873
60,290,0.320057,33526,2.091667,4.086145,7.461111
60,700,0.776772,220,0.143541,1.010717,3.540000
60,376,0.398690,10211,1.433333,3.303811,5.475000
60,232,0.262016,106332,2.525000,4.616082,6.924242
60,487,0.565248,2495,0.383824,1.880661,3.585965
60,473,0.545520,2929,0.762500,2.209039,4.431818
60,226,0.264414,94114,3.076190,5.463771,8.292857
60,488,0.533167,2730,0.466667,2.317610,4.433333
60,582,0.659858,852,0.398413,1.640396,3.520833
60,436,0.484414,4842,0.925490,2.512610,4.958333
60,228,0.240485,86945,2.290909,5.563797,8.766667
60,431,0.473114,4796,0.688034,2.322815,4.138889
60,266,0.305213,49693,2.166667,4.502448,6.350000
60,439,0.489819,4668,1.326190,2.690619,4.722222
60,320,0.345861,21314,1.150000,3.691736,5.365079
60,388,0.434279,7874,1.316667,2.737655,5.033333
60,677,0.767383,292,0.208333,1.168619,2.291667
60,471,0.526730,3299,0.366667,2.169124,4.433333
60,396,0.434533,8200,1.193590,2.887459,4.776923
60,339,0.402079,18449,1.033333,3.181547,5.650000
60,619,0.686416,586,0.500000,1.697812,3.535014
60,437,0.450944,4597,0.325397,2.258228,4.553114
60,370,0.397141,11249,1.125000,3.149636,6.571429
60,666,0.728221,317,0.150000,1.048051,3.192857
60,394,0.423273,8263,0.664286,2.999367,6.053114
60,718,0.790763,178,0.170455,0.929284,2.538462
60,273,0.317343,47547,1.537302,4.567659,6.311111
60,429,0.462239,5509,0.788690,2.555401,4.943590
60,441,0.511509,4204,0.921429,2.216929,4.092157
60,620,0.701339,588,0.288462,1.398504,2.795455
60,465,0.505751,3758,0.373611,2.095879,3.511111
60,514,0.599345,1724,0.510965,1.841156,3.500000
60,473,0.509486,3136,0.344444,1.949475,4.588889
60,649,0.719405,392,0.170455,1.170050,3.214286
60,703,0.772338,214,0.150000,0.967919,2.040000
60,407,0.461726,7638,0.664286,2.956460,5.035256
60,214,0.246339,115289,3.092857,6.066975,10.166667
60,251,0.279543,74496,1.616667,4.769183,6.717857
60,521,0.605064,1837,0.186335,1.630588,4.295455
60,683,0.748137,274,0.170455,1.215899,2.531746
60,641,0.721146,467,0.158730,1.355369,2.716667
60,356,0.405306,13060,1.611111,2.815575,5.904762
60,451,0.498049,4021,0.674242,2.488068,6.214286
60,489,0.523227,2469,0.510965,2.101559,4.401923
60,319,0.349690,22209,0.625000,3.980666,5.750000
60,715,0.759358,188,0.170455,1.048208,2.291667
60,629,0.716951,512,0.466667,1.740106,3.375000
60,727,0.773247,167,0.158730,0.990126,2.538462
60,583,0.656952,852,0.398413,1.732583,4.216667
60,652,0.726521,351,0.158730,1.062512,2.243478
60,455,0.502314,3641,0.373611,2.118862,4.687500
60,316,0.328867,26486,0.876923,3.609159,5.790909
60,627,0.685878,539,0.419298,1.490321,3.177632
60,193,0.211932,232423,2.900000,6.054127,9.816667
60,612,0.693457,618,0.186335,1.395715,3.192857
60,667,0.748562,315,0.208333,1.490331,4.216667
60,330,0.334235,21361,1.274242,3.132878,4.926190
60,670,0.763736,305,0.186335,1.154939,2.876812
60,531,0.606086,1453,0.383824,1.798733,2.735354
60,324,0.367567,21389,0.917832,3.169543,5.444444
60,651,0.741285,383,0.158730,1.470242,3.245455
60,235,0.275589,77524,2.033333,4.908653,8.466667
60,667,0.716138,317,0.170455,1.220940,2.531746
60,502,0.547687,2040,0.742857,1.967616,3.975490
60,453,0.524745,4038,0.354167,2.332598,4.195489
60,445,0.488913,4375,0.683333,2.250702,4.438095
60,625,0.690441,538,0.150000,1.336902,4.195489
60,535,0.612230,1519,0.404762,1.696432,3.750000
60,474,0.515937,3253,0.419298,1.849308,3.535014
60,704,0.798253,216,0.158730,0.913082,3.037037
60,319,0.361640,28363,1.109524,3.662549,7.576190
60,209,0.218167,85956,2.694444,5.132304,7.477778
60,382,0.457282,8223,0.618687,2.552683,5.727778
60,613,0.665206,574,0.208333,1.575723,3.535014
60,308,0.370380,29255,1.045635,3.669002,6.350000
60,546,0.604084,1342,0.526190,1.861352,4.687500
60,295,0.311202,39707,1.420635,4.164161,7.325000
60,415,0.467318,6858,0.695971,2.314366,4.479167
60,710,0.792123,193,0.186335,1.115690,2.291667
60,593,0.657800,736,0.412500,1.401070,3.214286
60,713,0.783249,187,0.186335,0.975967,1.875000
60,394,0.447987,7573,0.760256,2.572504,4.701681
60,485,0.529021,2588,0.319780,2.288037,4.701681
60,229,0.271547,75526,2.152381,5.091046,8.894444
60,703,0.784721,216,0.170455,1.214775,2.695489
60,322,0.391790,20327,2.001166,3.673868,5.965909
60,322,0.379120,24080,1.576190,3.698324,7.553114
60,344,0.395371,16505,0.683333,3.007538,5.965909
60,576,0.651227,894,0.419935,1.743324,3.166667
60,446,0.526828,4237,0.905357,2.345043,3.964286
60,605,0.695771,681,0.158730,1.552767,3.797619
60,352,0.360930,16274,0.597222,3.095880,5.438095
60,523,0.593653,1574,0.344444,1.677558,3.585965
60,516,0.551564,1737,0.466667,1.810684,3.214286
60,548,0.619420,1223,0.383824,1.553965,3.585965
60,554,0.628173,1203,0.466667,1.753254,3.441667
60,628,0.686661,506,0.170455,1.289512,3.177632
60,532,0.598278,1476,0.388889,1.755071,3.719298
60,205,0.202077,137370,3.894444,6.113731,8.833333
60,282,0.306350,36051,1.082576,3.873978,6.777778
60,437,0.497332,4956,0.333333,2.095366,3.938095
60,724,0.778671,176,0.158730,0.949176,2.212121
60,311,0.351578,23472,1.627778,3.944919,7.059524
60,204,0.218642,114620,1.958333,5.849180,10.876190
60,398,0.422766,7913,0.636447,2.758235,5.035256
60,452,0.509286,3932,0.716667,2.552037,5.162338
60,369,0.398339,13329,1.059524,2.823832,4.368687
60,464,0.516171,3498,0.838889,2.383385,5.160256
60,670,0.740429,313,0.170455,1.283875,3.375000
60,618,0.685331,585,0.170455,1.605781,3.245455
60,204,0.231645,124900,2.400000,5.522725,8.991667
60,268,0.302450,55661,2.058333,4.862107,6.966667
60,434,0.478718,4880,0.833333,2.374181,4.092157
60,671,0.761106,293,0.158730,1.001348,2.538462
60,532,0.565598,1553,0.526190,1.900684,3.666667
60,530,0.603345,1529,0.430556,1.633198,4.677778
60,236,0.287713,74197,1.693590,5.886982,8.067100
60,270,0.303674,51054,0.942857,3.723161,7.125000
60,541,0.576695,1397,0.445489,1.781946,3.214286
60,465,0.510412,3393,0.497619,2.413236,5.682540
60,671,0.731257,295,0.208333,1.132661,2.291667
60,552,0.613532,1138,0.366667,1.856156,3.698413
60,644,0.705567,420,0.158730,1.112815,3.245455
60,204,0.236964,133574,4.375000,6.499710,8.500000
60,585,0.631508,870,0.133929,1.482337,2.747619
60,296,0.351953,40737,1.133766,4.529595,7.219780
60,417,0.434774,6104,0.714286,2.706700,6.190909
60,664,0.756535,344,0.138889,1.025616,2.291667
60,260,0.275771,57750,2.076190,4.810124,7.083333
60,504,0.579312,2098,0.545455,2.029524,3.585965
60,490,0.542626,2349,0.398413,1.728821,3.252632
60,413,0.442395,6183,0.838889,2.649831,5.377778
60,236,0.242931,102326,2.304762,4.928891,9.321429
60,545,0.592113,1228,0.419935,1.740296,3.429167
60,452,0.489828,4307,0.492157,2.235052,3.729167
60,436,0.494570,4805,0.561111,2.448889,4.383333
60,305,0.322965,27126,1.017100,3.376581,6.583333
60,577,0.648573,918,0.407576,1.645371,4.800000
60,390,0.421349,8682,0.603968,3.001890,5.024242
60,290,0.327329,31749,1.420635,4.579470,7.124242
60,628,0.688017,534,0.138889,1.240853,2.552632
60,273,0.293536,46148,1.165909,4.286287,7.087302
60,488,0.560236,2574,0.383824,2.032068,4.055556
60,631,0.695388,483,0.186335,1.434281,3.245455
60,453,0.527208,4039,0.876190,2.268467,4.302632
60,659,0.733107,367,0.288462,1.123120,2.506944
60,325,0.333183,21830,0.733333,3.452743,6.226190
60,511,0.561083,2038,0.888889,1.922107,3.511111
60,507,0.579812,2057,0.925490,2.255119,4.195489
60,692,0.767831,251,0.170455,1.294079,3.375000
60,553,0.599522,1104,0.143541,1.868086,4.169935
60,667,0.747555,322,0.158730,1.195084,2.876812
60,343,0.392653,16489,1.641667,3.272748,6.337302
60,327,0.370364,19939,0.990909,3.000085,4.904762
60,577,0.655844,912,0.500000,1.774443,3.698413
60,436,0.484515,4476,0.368347,2.190794,4.433333
60,447,0.487534,4497,0.868347,2.436773,5.209524
60,459,0.489491,3644,0.762500,2.489921,5.529762
60,381,0.457847,9558,1.766667,2.986271,4.401923
60,543,0.633413,1392,0.663743,1.660540,3.432540
60,700,0.753214,241,0.186335,1.188359,3.245455
60,244,0.276995,80416,2.659524,5.073059,7.866667
60,465,0.539049,3583,0.483333,1.991337,3.025000
60,414,0.477877,6414,0.757576,2.422429,4.062500
60,605,0.673907,628,0.366667,1.397222,3.375000
60,418,0.467277,6116,0.696429,2.477975,4.733333
60,377,0.412873,10762,0.636447,2.847713,4.414286
60,260,0.283046,57125,2.088889,4.639114,6.957576
60,386,0.472515,9409,0.838889,2.783187,4.911111
60,617,0.691781,595,0.240000,1.537593,2.795455
60,211,0.220168,164847,3.142857,5.627698,8.485714
60,335,0.363962,18277,1.371429,3.548422,6.458333
60,621,0.681730,533,0.158730,1.223757,3.293478
60,433,0.481162,4763,0.757576,2.580158,6.171429
60,414,0.428597,6463,0.644444,2.278496,4.666667
60,694,0.758444,228,0.158730,1.114321,2.538462
60,414,0.459875,6627,0.360256,2.383805,4.479167
60,531,0.597805,1571,0.338095,1.704459,3.475490
60,447,0.503379,4222,0.510965,2.361047,4.701681
60,329,0.373887,21207,0.975000,3.333833,4.904762
60,304,0.340815,27297,1.008333,3.470015,5.958333
60,495,0.549682,2134,0.655556,1.738704,3.698413
60,434,0.450734,4987,0.955556,2.681201,4.012500
60,582,0.670236,832,0.208333,1.461460,3.375000
60,241,0.248456,74614,1.550000,4.317445,7.319048
60,256,0.263697,57852,1.641667,4.929038,8.700000
60,540,0.585941,1401,0.526190,1.732583,3.177632
60,499,0.552851,2532,0.497619,1.827863,3.683824
60,632,0.716357,479,0.445489,1.441574,3.293478
60,471,0.542546,3205,1.297619,2.273542,4.225490
60,563,0.597273,1064,0.419298,1.657944,3.245455
60,498,0.579316,2371,0.368347,1.795463,4.459524
60,654,0.731634,377,0.186335,1.233745,3.293478
60,637,0.693808,476,0.240000,1.350330,2.795455
60,345,0.365162,15846,0.636447,3.065604,6.233333
60,574,0.633216,1001,0.170455,1.505909,3.429167
60,623,0.669843,525,0.138889,1.197902,2.291667
60,563,0.603329,1073,0.419935,1.653428,4.722222
60,230,0.252758,96516,2.376190,4.819448,7.500000
60,622,0.685712,550,0.158730,1.315908,3.214286
60,366,0.403715,11959,0.701923,3.039049,5.725490
60,291,0.327149,38100,1.708333,3.762607,7.344444
60,295,0.309662,34972,2.444444,4.449955,7.059524
60,666,0.752254,348,0.135747,1.171897,3.037037
60,409,0.453588,6922,0.833333,2.507618,4.588889
60,343,0.397113,18083,0.709524,3.461631,6.041667
60,564,0.624930,1056,0.186335,1.501869,3.293478
60,586,0.657045,777,0.354167,1.930266,4.180556
60,196,0.201077,180204,3.533333,6.337593,11.116667
60,245,0.274935,74172,2.101190,5.043967,7.909524
60,479,0.528529,2833,0.466667,2.041637,4.433333
60,498,0.541902,2215,0.675000,1.767674,3.750000
60,472,0.510007,3257,0.526190,2.038526,3.729167
60,667,0.747910,323,0.170455,1.431575,3.293478
60,427,0.472290,4518,0.625000,2.381543,4.635965
60,354,0.398919,14053,0.694444,3.162002,5.410714
60,349,0.389827,15243,1.176190,3.305418,5.904762
60,660,0.736596,362,0.158730,1.308328,2.550000
60,231,0.221945,102447,3.042857,5.288096,7.361111
60,238,0.267872,80203,2.042857,5.391378,7.850000
60,529,0.596686,1663,0.186335,1.865648,4.752632
60,521,0.580707,1614,0.430556,1.589353,3.429167
60,581,0.661202,861,0.445489,1.505196,3.088889
60,652,0.719583,384,0.412500,1.338003,2.716667
60,629,0.696077,548,0.288462,1.466813,3.214286
60,718,0.784076,197,0.170455,1.030097,2.291667
60,571,0.646903,939,0.325397,1.416357,2.654762
60,573,0.645457,959,0.319780,1.434772,2.716667
60,279,0.308385,41165,2.933333,4.972205,7.319048
60,200,0.232987,134178,2.183333,5.713320,8.375000
60,312,0.361107,22226,1.660256,3.575418,5.174242
60,546,0.591219,1277,0.368347,1.745170,4.043478
60,561,0.624932,1067,0.383824,1.592287,3.545455
60,590,0.654278,802,0.430556,1.405917,2.531746
60,424,0.481581,5869,0.762500,2.271244,4.021368
60,479,0.509374,2775,0.334524,1.952729,3.938095
60,373,0.417028,12146,1.438034,2.841448,6.642157
60,684,0.750557,264,0.158730,1.038556,2.212121
60,228,0.236463,75719,1.420635,5.042292,8.583333
60,435,0.460182,5051,0.742857,2.345056,4.368687
60,608,0.664272,643,0.208333,1.435001,3.192857
60,397,0.439491,8226,1.372024,2.604867,4.461111
60,213,0.221989,120529,2.366667,5.576587,7.908333
60,591,0.664998,747,0.368347,1.271835,3.214286
60,361,0.400807,13512,1.211111,3.427917,5.500000
60,316,0.332540,26157,1.007576,3.719195,6.071429
60,504,0.543990,2093,0.419298,1.598262,4.360256
60,172,0.208554,250836,5.209524,7.358188,10.125000
60,399,0.419435,7857,0.678211,2.653329,4.515873
60,563,0.615657,1112,0.445489,1.771967,3.797619
60,507,0.594461,1999,0.510965,1.735498,3.475490
60,702,0.798320,218,0.158730,1.164457,2.291667
60,231,0.283468,120312,2.766667,5.321633,7.842857
60,573,0.640367,959,0.170455,1.373857,3.158824
60,713,0.793822,199,0.170455,1.051055,2.538462
60,281,0.319344,40240,2.628968,4.331765,6.576923
60,635,0.674891,457,0.170455,1.379266,2.630952
60,360,0.398297,12773,0.895833,3.473287,5.719780
60,470,0.517612,2922,0.876190,2.287496,4.969780
60,436,0.471975,4560,0.597222,2.370397,4.525000
60,594,0.654890,686,0.186335,1.343376,3.214286
60,394,0.435610,8700,1.297619,2.810774,4.776923
60,502,0.583152,2168,0.675000,2.223248,4.446429
60,510,0.547686,1990,0.368347,1.828072,5.066667
60,277,0.328994,41986,1.238095,4.121812,7.325000
60,228,0.265965,85199,1.983333,5.454380,8.590909
60,260,0.297329,50315,2.183333,4.397708,7.396825
60,345,0.384690,16204,1.414286,3.096697,4.360256
60,271,0.294043,46254,1.632576,4.231062,8.342857
60,339,0.361509,18455,1.316667,3.496785,6.900433
60,690,0.760974,257,0.170455,1.009341,3.245455
60,673,0.750366,289,0.186335,1.279476,2.373333
60,250,0.297920,70208,2.116667,4.361076,6.777778
60,670,0.741060,328,0.208333,1.352307,2.795455
60,247,0.288401,65584,2.601190,4.993759,9.238095
60,228,0.221486,92749,2.477778,5.339881,8.061111
60,479,0.565419,2668,0.412500,2.031911,4.375000
60,213,0.233034,136686,3.133333,6.153096,9.833333
60,564,0.632502,1019,0.398413,1.727630,3.505556
60,230,0.276043,88628,2.595238,5.015807,7.458333
60,200,0.234866,120592,2.977778,5.920780,9.150000
60,417,0.467837,6716,0.683333,2.821994,4.730159
60,369,0.406387,12321,1.686111,3.239621,5.882576
60,347,0.371992,17639,1.401923,3.008062,4.783333
60,628,0.710030,496,0.547619,1.624195,3.158824
60,305,0.350309,30099,2.061111,3.877251,5.817100
60,225,0.261881,68866,1.367857,4.866837,8.533333
60,248,0.268481,64974,3.186111,5.053244,7.700000
60,434,0.460620,4756,0.714286,2.296872,4.733333
60,351,0.377478,16443,1.652020,2.985837,4.535354
60,568,0.623304,969,0.547619,1.869254,3.166667
60,498,0.544193,2350,0.481685,1.979464,4.508824
60,659,0.702071,336,0.170455,1.324381,3.293478
60,454,0.500280,3923,0.808824,2.175525,3.975490
60,258,0.281755,54772,2.250000,4.646405,6.858333
60,704,0.785160,225,0.138889,0.874798,2.538462
60,577,0.651589,861,0.407576,1.750197,3.293478
60,423,0.480041,5492,1.000000,2.369825,5.419780
60,283,0.330739,41541,2.703968,4.493665,6.337302
60,394,0.450979,9261,1.125000,2.902076,5.402020
60,287,0.292335,39897,2.075000,4.039811,5.805556
60,616,0.661420,576,0.240000,1.461020,2.630952
60,709,0.768312,193,0.158730,1.177701,2.538462
60,368,0.383591,11029,1.578968,3.045853,5.702020
60,674,0.781378,302,0.150000,1.238453,2.795455
60,508,0.573157,2044,0.334499,1.715226,3.547619
60,538,0.603967,1390,0.138889,1.639334,3.293478
60,615,0.696825,592,0.370370,1.240347,3.293478
60,359,0.409480,13172,1.431818,3.233460,5.062500
60,339,0.376368,18520,0.576623,3.154306,6.891667
60,254,0.290385,58841,2.069048,4.235447,6.741667
60,514,0.577698,1828,0.321429,1.830900,3.252632
60,342,0.362013,17962,1.226190,3.253854,5.067100
60,645,0.707298,417,0.430556,1.487580,3.293478
60,315,0.350685,23179,0.917832,3.607422,6.300000
60,300,0.341948,30184,1.229167,3.266465,4.878968
60,574,0.640236,911,0.170455,1.381066,3.214286
60,442,0.507297,4520,0.608333,2.424583,4.012500
60,509,0.591211,1978,0.344444,1.680366,2.979167
60,277,0.316590,52575,1.953968,4.321050,6.337302
60,502,0.580909,2087,0.430556,2.021886,3.857576
60,365,0.397477,13168,0.765873,2.966863,5.181818
60,238,0.277938,83307,3.000000,5.249923,7.977778
60,331,0.371285,20332,1.511905,3.231759,5.694444
60,391,0.459649,8366,0.966667,2.806498,5.095833
60,385,0.438891,9994,0.674242,2.637594,5.512500
60,312,0.311427,27695,1.615079,3.550043,6.187500
60,526,0.588081,1620,0.158730,1.950334,4.138889
60,244,0.279667,81437,2.069048,4.918890,8.476190
60,471,0.521204,2977,0.758824,2.262393,4.180556
60,500,0.560848,2288,0.545455,2.161537,4.515873
60,207,0.245639,140855,2.458333,5.593333,8.842857
60,564,0.632462,1056,0.143541,1.741271,3.166667
60,677,0.743759,288,0.150000,1.051238,2.291667
60,286,0.311923,40076,1.950000,3.673405,5.817100
60,361,0.399293,13518,1.271429,3.231567,5.950000
60,231,0.270800,108244,3.050000,4.962646,7.944444
60,526,0.592563,1775,0.325397,2.023088,3.660256
60,389,0.446724,9200,0.760256,2.685238,4.694444
60,607,0.662335,620,0.419935,1.580612,3.252632
60,680,0.756706,296,0.186335,0.997025,2.243478
60,439,0.475126,4668,0.398413,2.187831,4.459524
60,645,0.705113,404,0.158730,1.251266,2.630952
60,280,0.336701,43600,2.361111,4.363199,6.576923
60,569,0.638479,967,0.407576,1.596118,3.135965
60,412,0.452237,7280,0.354167,2.314376,3.902020
60,354,0.378158,14970,1.688095,3.120955,6.683333
60,532,0.602725,1505,0.383824,1.711872,3.455357
60,411,0.470625,7380,0.757576,2.385401,4.558824
60,536,0.601654,1450,0.510965,1.630505,3.520833
60,416,0.453252,6164,0.321429,2.575967,4.854762
60,595,0.657940,712,0.526190,1.608641,2.876812
60,384,0.419396,9028,0.854167,2.597692,4.969780
60,508,0.563334,2022,0.450000,1.974320,4.376812
60,691,0.768694,257,0.150000,1.046884,3.293478
60,260,0.293893,58060,1.809524,4.695703,7.259524
60,526,0.594001,1607,0.445489,1.912538,3.585965
60,590,0.649236,771,0.412500,1.771260,3.633333
60,317,0.342360,23721,1.730159,3.485993,7.888889
60,192,0.217740,115096,3.559524,6.609958,8.592857
60,208,0.209833,169000,2.459524,5.663230,8.587302
60,596,0.652859,724,0.240000,1.479265,4.195489
60,662,0.714668,360,0.208333,1.370894,2.552632
60,232,0.261899,99415,2.250000,5.434881,8.111111
60,545,0.624987,1288,0.466667,2.008715,4.479167
60,310,0.364602,24877,1.416667,3.902403,7.433766
60,631,0.690372,494,0.150000,1.145644,2.373333
60,240,0.280314,85580,1.742857,5.285932,8.333333
60,542,0.595035,1345,0.143541,1.892328,3.719298
60,718,0.788661,180,0.186335,1.018570,2.373333
60,607,0.676814,625,0.170455,1.299647,2.552632
60,551,0.603907,1267,0.143541,1.678527,3.177632
60,503,0.563545,2194,0.696429,2.187124,4.247619
60,321,0.365578,24699,1.176923,3.665124,5.583333
60,261,0.298097,62980,2.174242,4.765380,9.116667
60,556,0.620566,1160,0.170455,1.826313,4.205357
60,238,0.246974,74480,2.110714,5.235387,9.125000
60,652,0.731722,403,0.170455,1.312287,3.540000
60,651,0.715221,386,0.170455,1.199165,2.552632
60,505,0.556547,2043,0.483333,2.220731,4.722222
60,691,0.782571,242,0.158730,1.009409,2.291667
60,639,0.692853,479,0.138889,1.091086,2.291667
60,303,0.301576,32090,2.069048,3.828146,6.411111
60,597,0.666435,741,0.170455,1.455264,4.169935
60,616,0.686616,583,0.170455,1.650848,4.043478
60,678,0.753608,307,0.138889,1.070700,2.373333
60,354,0.411244,13390,1.165909,3.109848,6.444444
60,358,0.387836,13036,1.077778,3.156308,5.604762
60,359,0.417804,13152,0.577778,3.044609,5.016667
60,470,0.528089,3201,0.354167,2.105566,4.446429
60,497,0.534441,2377,0.526190,1.860348,4.169935
60,540,0.584740,1401,0.510965,1.638285,3.511111
60,239,0.256753,86191,2.500000,4.990342,7.785714
60,579,0.658950,922,0.150000,1.586146,4.195489
60,684,0.759960,278,0.170455,1.288621,3.245455
60,544,0.590028,1272,0.497619,1.646143,3.535014
60,262,0.297625,57999,2.069048,4.814792,7.892857
60,598,0.693218,709,0.170455,1.390124,2.680556
60,688,0.758868,270,0.150000,1.051932,2.373333
60,336,0.362861,19210,1.736111,3.302726,5.142157
60,188,0.201526,141166,3.337302,6.211206,8.892857
60,416,0.502771,6360,1.297619,2.570084,5.188034
60,575,0.666760,919,0.483333,1.710569,3.698413
60,642,0.700715,436,0.158730,1.201388,3.245455
60,346,0.383820,16534,1.583333,3.436950,5.457576
60,426,0.495774,5090,0.844780,2.499779,4.414286
60,597,0.673710,734,0.240000,1.454728,3.166667
60,430,0.488602,4995,1.150000,2.550657,4.854762
60,271,0.298715,51226,1.587302,4.422378,8.067100
60,576,0.642531,911,0.208333,1.472812,3.015873
60,559,0.631676,1076,0.360256,1.643616,3.177632
60,227,0.229534,125537,1.416667,5.760402,8.541667
60,370,0.444419,10323,0.678211,2.469919,4.988095
60,395,0.435105,8085,0.602020,2.768148,5.736111
60,541,0.558408,1420,0.510965,1.860047,3.501166
60,692,0.780575,247,0.150000,0.887059,2.538462
60,565,0.640895,1000,0.450000,1.842615,3.458824
60,665,0.714712,346,0.186335,1.015999,2.291667
60,496,0.555030,2106,0.510965,1.941365,3.545455
60,616,0.717821,595,0.407576,1.582792,3.750000
60,212,0.229691,143904,2.458333,5.500544,8.587302
60,190,0.234292,149494,3.183333,5.911337,8.476190
60,349,0.361283,14290,0.882540,3.043668,5.916667
60,614,0.671459,583,0.158730,1.558710,3.177632
60,459,0.511542,3612,0.368347,2.184107,4.176923
60,264,0.275796,54648,3.241667,5.115390,7.351190
60,317,0.348008,25433,0.986111,3.534670,5.851190
60,285,0.308552,39447,2.700000,4.390443,7.351190
60,339,0.372394,18487,1.467857,3.552375,6.833333
60,365,0.412650,12446,0.834499,3.081328,5.642857
60,537,0.590786,1390,0.492157,1.866371,3.555556
60,725,0.796467,170,0.150000,1.012413,2.373333
60,424,0.452208,5872,1.219780,2.685103,5.035256
60,340,0.397484,15645,1.118687,3.277501,5.416667
60,707,0.781737,213,0.170455,1.263817,3.375000
60,498,0.553926,2239,0.500000,2.001898,4.671429
60,527,0.583382,1590,0.368347,1.750052,4.195489
60,674,0.763624,292,0.186335,1.036782,2.716667
60,649,0.718308,412,0.170455,1.150606,3.041667
60,456,0.489369,3481,0.325397,2.132819,4.055556
60,480,0.566822,2761,0.373611,2.042486,4.687500
60,242,0.255988,88055,2.628968,4.400450,6.650000
60,336,0.358482,16700,1.611111,3.190599,4.950000
60,279,0.337916,39185,2.243590,4.574222,7.811111
60,256,0.263646,70147,2.094444,4.370122,6.809524
60,582,0.652937,819,0.354167,1.452666,2.747619
60,483,0.551153,2723,0.696429,2.074269,4.216667
60,308,0.338416,29612,1.292857,3.574568,6.610256
60,232,0.259250,76590,1.934524,5.039446,7.583333
60,282,0.305252,44548,0.603968,4.212887,6.696429
60,318,0.338533,27931,1.076923,3.478387,6.277778
60,494,0.541151,2404,0.466667,1.881480,3.025000
60,190,0.203893,189851,3.634524,6.089008,10.166667
60,175,0.201844,202626,2.583333,6.294656,8.944444
60,530,0.584245,1475,0.430556,1.587153,3.520833
60,468,0.504509,3107,0.486742,2.324507,4.722222
60,513,0.550175,1881,0.497619,1.996774,4.386447
60,333,0.373933,20720,1.688095,3.124507,5.933333
60,193,0.206392,158939,2.476190,6.062554,9.561111
60,552,0.625457,1277,0.135747,1.584617,3.158824
60,527,0.592762,1756,0.388889,1.671482,3.505556
60,334,0.370311,15487,1.122222,3.642130,5.892857
60,438,0.489189,4944,0.882540,2.161850,3.719298
60,584,0.653953,763,0.170455,1.613274,3.383333
60,598,0.669406,707,0.186335,1.566894,3.293478
60,325,0.376003,20559,1.617857,3.356430,5.419780
60,184,0.209849,191435,3.709524,6.458437,9.666667
60,242,0.265410,90305,1.441667,4.632506,6.492857
60,282,0.304757,39448,2.716667,4.487743,6.972222
60,621,0.704984,540,0.466667,1.088717,2.669935
60,438,0.449258,4415,0.334499,2.172119,4.012500
60,274,0.308145,41514,2.133333,4.289416,7.516667
60,518,0.569717,1825,0.360256,1.687320,3.880952
60,614,0.674796,635,0.170455,1.410054,3.214286
60,682,0.755533,268,0.150000,1.149268,3.166667
60,632,0.704241,478,0.208333,1.218252,2.716667
60,714,0.788998,183,0.170455,1.038941,3.375000
60,248,0.266787,63194,1.958333,4.613836,8.511111
60,542,0.598916,1371,0.368347,1.678601,3.719298
60,322,0.362532,23244,1.215909,3.655431,6.233333
60,680,0.758290,272,0.186335,1.140590,3.037037
60,426,0.490359,5358,1.297619,2.949611,5.755556
60,540,0.594545,1397,0.325397,1.597143,3.683824
60,597,0.661443,731,0.150000,1.302138,2.219298
60,575,0.629891,920,0.388889,1.553906,2.662500
60,165,0.202984,301353,4.700000,7.502434,11.033333
60,513,0.576454,1891,0.729762,2.123129,4.752632
60,626,0.677195,512,0.419298,1.587597,4.180556
60,507,0.591872,1998,0.547619,1.922326,3.535014
60,621,0.689941,538,0.186335,1.622741,3.878788
60,604,0.681763,655,0.186335,1.037709,2.243478
60,343,0.369406,17147,0.953968,3.341520,6.444444
60,538,0.600795,1423,0.170455,1.643811,3.245455
60,506,0.578558,2107,0.412500,1.876695,3.683824
60,688,0.748355,253,0.158730,1.219593,3.540000
60,684,0.791386,264,0.240000,1.196764,3.214286
60,476,0.531734,3023,0.676190,1.940317,3.673611
60,602,0.651473,695,0.158730,1.542476,3.192857
60,310,0.342401,29150,1.632576,4.015794,6.555556
60,441,0.466453,4667,0.655556,2.536441,4.758333
60,712,0.781792,202,0.186335,0.994722,2.373333
60,402,0.431747,8115,0.925490,2.736810,4.677778
60,207,0.213957,197217,2.744048,5.709167,8.809524
60,698,0.764381,239,0.150000,0.921494,2.243478
60,189,0.204524,281232,3.575000,6.138108,9.259524
60,564,0.639873,991,0.466667,1.841677,3.545455
60,658,0.729429,367,0.138889,1.081938,3.375000
60,543,0.623589,1329,0.150000,1.941466,4.216667
60,235,0.262647,94634,2.069048,4.686790,7.952381
60,498,0.568584,2337,0.344444,1.913612,3.698413
60,578,0.649028,866,0.288462,1.736667,3.252632
60,454,0.494977,3745,0.366667,2.376023,3.868590
60,454,0.465109,3987,0.683333,1.871723,4.169935
60,250,0.286028,76223,1.666667,4.410679,6.674242
60,616,0.705451,593,0.150000,1.368417,2.583333
60,460,0.532331,3735,0.651923,2.086267,3.964286
60,449,0.502064,4053,0.642857,2.023992,4.182540
60,321,0.361278,25805,2.222222,3.728783,5.766667
60,519,0.596833,1840,0.373611,1.781840,3.441667
60,195,0.221981,176319,2.933333,5.987055,8.702020
60,386,0.407509,8878,1.087302,3.008516,4.671429
60,629,0.708286,526,0.208333,1.293275,3.201681
60,393,0.432614,7742,1.165909,2.756404,5.549242
60,551,0.630948,1082,0.483333,1.977827,3.797619
60,330,0.364306,19088,1.386447,3.280839,6.194444
60,337,0.365288,18528,1.300000,3.619121,6.688034
60,334,0.365299,18426,1.176190,3.323745,7.150000
60,239,0.258044,89523,2.027778,4.426812,6.894444
60,206,0.219995,121728,1.692857,5.691362,9.033333
60,496,0.566322,2278,0.362338,1.904403,3.673611
60,494,0.504169,2181,0.419298,1.931127,3.214286
60,599,0.696469,744,0.170455,1.383740,3.245455
60,380,0.404307,10206,0.325397,2.756040,5.515152
60,429,0.519924,5212,1.154762,2.283743,3.964286
60,561,0.638856,1066,0.419935,2.094761,5.198413
60,475,0.559168,2861,0.760256,2.086709,5.229167
60,483,0.530465,2712,0.765873,2.266418,4.752632
60,433,0.487193,5047,0.403846,2.090610,4.671429
60,168,0.201250,268958,3.900000,6.979750,12.483333
60,497,0.579780,2376,0.792157,1.972920,5.674242
60,455,0.522335,3503,0.775000,2.195284,5.066667
60,565,0.647335,1109,0.481685,1.651734,3.177632
60,271,0.263567,43223,1.490909,3.866690,5.965909
60,259,0.282243,49930,2.152778,4.320407,6.900433
60,408,0.438191,7965,0.592857,2.762658,4.900433
60,422,0.453453,5467,1.118687,2.741477,4.525000
60,354,0.408491,14597,0.885965,2.856692,5.047619
60,292,0.311182,28671,1.501190,4.099938,7.750000
60,431,0.459334,5365,0.651923,2.470963,5.066667
60,457,0.514704,3878,0.951681,2.550043,5.529762
60,570,0.614120,1009,0.547619,1.700018,3.245455
60,580,0.632949,900,0.368347,1.696517,3.666667
60,706,0.778008,217,0.150000,0.997957,2.795455
60,614,0.693156,600,0.450000,1.535638,3.673611
60,589,0.672055,767,0.170455,1.366297,3.177632
60,484,0.553728,2631,0.714286,2.157229,4.800000
